Bairro,Latitude,Longitude,População Total,Público-Alvo (20-49 anos),Densidade Público-Alvo,Saturação Competitiva,Score White Spot (MPI)
Rocinha,7456650.259068245,679498.3425741,72154,38810,26015.55263332303,3.0,92.5
Maré,7470944.351672497,680327.4137444355,124832,61143,14252.1131663351,0.0,72.9
Jacarezinho,7467906.157209713,678757.3383601065,35458,16974,17217.44824786031,3.0,72.2
Estácio,7464598.29223106,684180.5256222314,23260,11172,12433.043231355614,0.0,68.7
Catete,7463424.003603948,686631.296329353,22295,10349,15583.085708627299,5.0,63.4
Cidade de Deus,7461299.636378768,667859.9899721732,30576,13240,9256.584822316943,0.0,61.3
Acari,7475204.856946768,670240.4136088735,29673,14291,9006.63036962719,0.0,60.8
Catumbi,7464219.436596634,684893.6208803493,12201,5537,8769.416003147477,0.0,60.2
Flamengo,7462583.399658685,687242.2209467093,43099,18158,10913.89872171206,2.0,60.2
Pitangueiras,7475580.69229298,686769.8098011735,10242,4452,7300.711990228541,0.0,56.8
Praia da Bandeira,7476322.234995133,686852.7358165157,5153,2338,7158.684760548122,0.0,56.5
Vasco da Gama,7467399.277621397,681902.6094949284,14471,6846,6629.970660346681,0.0,55.3
Engenho Novo,7465498.757737847,677570.2950883812,39424,17620,6577.722883335505,0.0,55.2
Vila Kennedy,7471547.302176889,655126.8847121259,21749,9454,6385.51926813958,0.0,54.7
Gardênia Azul,7460042.549836942,669106.2784859888,20490,10341,10563.922380053615,4.0,54.4
Colégio,7473234.866289277,670701.1987736134,26358,11932,5995.030879904931,0.0,53.8
Rocha,7466470.333815426,679586.6465534415,14627,6607,5773.519249206678,0.0,53.3
Rio Comprido,7463303.096610281,683677.5678029424,40269,18731,5673.1352220199,0.0,53.1
Todos os Santos,7467110.683435448,675926.3999393911,22593,9611,8906.168065735039,3.0,53.0
Benfica,7467314.154968311,680457.3429429341,22661,10077,5551.938790776991,0.0,52.8
Olaria,7472319.704886188,677506.6388888189,51222,20996,5556.430110655263,0.0,52.8
Pechincha,7463297.975720057,668775.6724853968,37487,16627,5461.922152890048,0.0,52.6
Copacabana,7458570.716518385,685801.563962513,128919,53537,13031.050152561013,7.0,52.5
Brás de Pina,7474170.221813028,674727.3649461706,45048,18813,5366.733253834987,0.0,52.4
Mangueira,7465902.444816182,681006.1631414813,18247,8380,8647.562372577982,3.0,52.4
Complexo do Alemão,7470789.033181064,677121.1311786954,54202,24500,8570.113827137206,3.0,52.3
Anchieta,7475083.901816256,664227.9874482068,52569,23147,5307.4051298915965,0.0,52.2
Ricardo de Albuquerque,7473594.748110872,664519.6503441591,27779,11959,5172.581115674613,0.0,51.9
Ramos,7471808.281468294,678916.3002080392,34453,14323,5109.214612185071,0.0,51.8
Bancários,7478333.568393446,686700.1190103547,11062,5113,5062.8117028341485,0.0,51.7
Pavuna,7476287.159181324,668307.2952206703,95337,42120,5096.7465739703,0.0,51.7
Encantado,7466851.556093473,673950.7310249306,12405,5091,5019.052805213823,0.0,51.6
Ipanema,7454085.3712872425,684805.6266826845,37392,14582,5014.156507608379,0.0,51.5
Rocha Miranda,7472133.868457819,669619.0055218884,36360,14978,4960.976541694556,0.0,51.4
Engenho de Dentro,7466309.587915382,674758.7436353494,42826,18395,4930.849286204769,0.0,51.4
Lins de Vasconcelos,7464924.23848521,675866.4343017372,30910,13654,4764.589525515733,0.0,51.0
Bento Ribeiro,7470240.206038816,668162.9099569124,37306,14937,4760.955308429785,0.0,51.0
Sampaio,7466159.762600598,678403.0387242746,8832,3898,4628.207701676293,0.0,50.7
Engenho da Rainha,7470624.634912063,675018.9845857873,24188,10710,4648.648970658721,0.0,50.7
Manguinhos,7468615.435612498,680102.1533997586,28855,13549,4644.70986486925,0.0,50.7
Parada de Lucas,7475857.458184061,674384.2507775913,22069,10528,4584.412679173046,0.0,50.6
Vidigal,7455984.147692093,680395.991057044,15112,7412,4578.154380470322,0.0,50.5
Marechal Hermes,7471116.035132171,667171.4747579242,41507,16907,4506.811252830567,0.0,50.4
Penha,7473389.911040027,676906.4932022586,58516,25553,4497.102661843753,0.0,50.4
Coelho Neto,7474083.853425507,669253.0463595897,26780,11259,4513.663877451814,0.0,50.4
Laranjeiras,7462484.372234709,685769.4184792924,39982,16514,6648.801836085495,2.0,50.3
Praça da Bandeira,7465200.499246386,683242.5690133887,7215,3099,4238.166799100802,0.0,49.8
Cordovil,7475414.5092820395,675097.5826069226,34668,14674,4176.059808600057,0.0,49.6
Praça Seca,7466643.896403956,668999.0008463123,63158,27171,4157.228049520007,0.0,49.6
Piedade,7467248.876396682,673106.6913107069,38181,16408,4136.797652997189,0.0,49.5
Inhoaíba,7465566.241737232,644195.2223692826,72141,32974,3994.5290664740696,0.0,49.2
Humaitá,7460320.414556817,684465.8292668966,13044,5321,5033.251526397831,1.0,49.1
Zumbi,7475133.544916009,687183.1903683427,1817,724,3974.9481209829105,0.0,49.1
Cosmos,7465978.023915749,642260.8646771805,95484,44119,3892.7109316037663,0.0,49.0
Curicica,7460857.925558285,665355.78745137,29038,13017,3887.3196567548666,0.0,48.9
Jacaré,7467269.163890797,678770.8180431997,8088,3530,3799.1366942534223,0.0,48.7
Cocotá,7477008.0762332585,686735.5863339058,5021,2130,3702.591883415408,0.0,48.5
Cavalcanti,7469826.508629057,672679.9792172866,13799,6345,3443.839009315898,0.0,47.9
Vila Valqueire,7467950.498577899,667490.0308442044,34024,13968,3386.493476920997,0.0,47.8
Santa Teresa,7462773.439598615,684593.5139603578,35873,17169,3344.2064808867713,0.0,47.7
Penha Circular,7474096.961935639,675881.7531653018,36725,15657,3315.6212630607547,0.0,47.6
Andaraí,7463254.344328262,679110.265619339,34576,14730,6499.123399044204,3.0,47.5
Freguesia (Jacarepaguá),7463076.268790047,670374.7327455779,75912,32799,3225.05517545773,0.0,47.4
Bonsucesso,7470268.414070461,679141.4308370712,16872,7153,3152.95054858252,0.0,47.3
Costa Barros,7474942.903676466,667251.69682652,26272,11628,6337.6475901529375,3.0,47.1
São Cristóvão,7466407.399120415,682359.6852014771,28016,11800,3061.299396363538,0.0,47.0
Lapa,7464901.541048837,686560.6640898826,8984,4418,12780.148694136604,9.0,47.0
Honório Gurgel,7472455.341029852,668575.2960399002,18213,7562,6284.703694092987,3.0,47.0
Méier,7466211.30462622,676150.3794151243,39700,14847,6248.223715166041,3.0,46.9
Itanhangá,7457058.414901787,673203.317491043,68537,37301,2815.5002187599644,0.0,46.5
Senador Camará,7467119.69189625,654893.2977127286,107267,47749,2763.9487381507374,0.0,46.4
Tanque,7465134.97316655,668315.4451699491,36217,15884,2747.246545003454,0.0,46.3
Realengo,7468811.067628549,660686.9921468664,167027,71898,2760.4130585801686,0.0,46.3
Santo Cristo,7466310.942494864,684239.9400602266,9936,4528,2754.265633175659,0.0,46.3
Vila da Penha,7472829.426895395,673402.7386852825,21950,8535,5884.148615898336,3.0,46.1
Bangu,7471383.805806162,655408.3418794201,209302,92611,2545.085800243655,0.0,45.9
Santíssimo,7469629.687891753,651776.0562751222,48187,21881,2567.7961673120208,0.0,45.9
Taquara,7464248.276796705,665591.6782332673,107809,47532,3596.074741699032,1.0,45.8
Quintino Bocaiúva,7467132.856945916,671863.2044062201,25271,10508,2422.6258730985837,0.0,45.6
Abolição,7468112.605400127,674440.0814987692,9196,3861,5654.153658741077,3.0,45.5
Caju,7468787.15732009,682564.8625306092,24116,11740,2338.3905398196603,0.0,45.4
Pilares,7468872.10827041,674818.3004484414,23518,9706,5602.411889856632,3.0,45.4
Grajaú,7463267.881903088,677399.9558469811,32816,13146,2341.3178703883486,0.0,45.4
Parque Colúmbia,7476087.253286225,670158.2552233274,8222,3446,2265.0593336441298,0.0,45.2
Parque Anchieta,7473726.65922632,662616.9142205357,21552,8894,2266.054086040049,0.0,45.2
Cidade Nova,7465306.152385061,684444.0505649176,4745,2171,2281.9292170916992,0.0,45.2
Senador Vasconcelos,7467425.395044795,650767.0042823264,32296,14300,2239.061722053306,0.0,45.1
Sepetiba,7459420.0389541155,633947.091167388,58738,25045,2162.359719725983,0.0,45.0
Cacuia,7475041.65470011,686388.8868929672,10392,4474,2106.9148669095857,0.0,44.8
Higienópolis,7469421.569025924,678273.7903417798,14227,6185,5303.057016853504,3.0,44.7
Tauá,7477742.29246054,686111.1933905194,26482,11993,7459.138024946583,5.0,44.7
Gávea,7457675.348785369,680568.4876235863,14100,5481,2005.9734017804208,0.0,44.6
Barros Filho,7473845.657165576,667881.695099762,20444,9306,5221.645151988053,3.0,44.5
Tomás Coelho,7470210.118953201,673789.6904616295,20343,9142,5144.846370107362,3.0,44.3
Paciência,7467646.785351146,639706.6093021783,105701,47658,1768.6342386642634,0.0,44.1
Vicente de Carvalho,7471312.221253813,672788.890262045,21300,9218,4992.617747711338,3.0,44.0
Cosme Velho,7461800.674104449,684409.8133045938,6408,2635,2813.18564541975,1.0,44.0
Freguesia (Ilha do Governador),7479149.534510501,688017.2897900493,15900,7044,1731.9367977848335,0.0,44.0
Portuguesa,7477510.55863714,684006.6205216974,19831,8538,7125.237751114535,5.0,43.9
Maracanã,7464985.238344665,681658.8482269085,22915,9744,6033.541557035121,4.0,43.9
Ribeira,7474859.011650124,687889.1071550738,3474,1409,1665.9673945018374,0.0,43.8
Vista Alegre,7474284.113699225,672908.1146902117,7059,2663,4916.160340818787,3.0,43.8
Jacarepaguá,7461756.823663472,666007.8340045206,217462,109314,1461.5915801805106,0.0,43.4
Pedra de Guaratiba,7456071.789052278,639585.8465820979,11950,5047,1452.8464293152642,0.0,43.3
Guadalupe,7473378.644314724,666718.3878605596,40820,17405,4632.377140366156,3.0,43.2
Irajá,7473784.373478221,671732.3840942424,86388,36173,4662.824942384474,3.0,43.2
Magalhães Bastos,7469647.397697966,662763.5818107589,20636,8757,4641.543739609711,3.0,43.2
São Francisco Xavier,7466027.197408668,680162.6761146164,6340,2953,4602.12260312127,3.0,43.1
Vigário Geral,7476621.614535516,673429.4627895175,34645,15103,4426.434501297253,3.0,42.7
Água Santa,7465331.227060561,673176.5863637623,6419,2769,1137.5080860216062,0.0,42.6
Jardim América,7476528.510624155,672070.3640537275,20244,8420,4304.45319724303,3.0,42.4
Del Castilho,7468772.87055347,677280.2860365417,20597,10425,7532.778113040781,6.0,42.4
Deodoro,7471993.069790098,665549.675346719,10402,4726,1008.5567252665821,0.0,42.3
Padre Miguel,7468970.421774901,659043.3066234001,60410,26102,5360.301941439457,4.0,42.3
Vargem Pequena,7457657.430794996,657843.0789847402,31307,15277,982.2564369946211,0.0,42.2
Riachuelo,7466213.896945211,678931.8613341369,10514,4244,4233.720989451729,3.0,42.2
Santa Cruz,7465184.285876884,632763.774287225,249130,113434,908.6848018544127,0.0,42.1
Vila Kosmos,7471638.426242807,674047.3334293776,14878,6144,4169.283972206342,3.0,42.1
Paquetá,7481407.134066188,693986.6975768266,3486,1191,708.714616858886,0.0,41.6
Cachambi,7467652.219799034,677009.3832413694,39022,16632,7128.499350148674,6.0,41.4
Vila Isabel,7464760.373650657,679711.6867208463,65790,27551,8207.486324233454,7.0,41.4
Gericinó,7473114.163958218,656120.379901083,23130,1219,552.4538827359869,0.0,41.3
Guaratiba,7456762.807724495,644585.0412642413,159888,75181,552.6730260429014,0.0,41.3
Vila Militar,7470904.238587587,663820.5239788992,12956,6061,576.0838586650077,0.0,41.3
Galeão,7476675.718725642,681015.5825999479,20816,10095,534.9938235524445,0.0,41.2
Camorim,7458790.621066964,660837.4735277604,7037,3636,420.49976374881305,0.0,40.9
Campo dos Afonsos,7469047.775360233,665839.1654323374,2106,1180,370.1944357768673,0.0,40.8
Joá,7454524.303390265,675583.9993312233,983,425,249.95032828424374,0.0,40.6
Vargem Grande,7458817.776703017,654560.5777773219,21350,10031,262.2002924617649,0.0,40.6
Barra de Guaratiba,7451475.602018091,648516.4740592578,5091,2177,220.4038479148771,0.0,40.5
Cidade Universitária,7471498.641860674,681785.5125095764,1303,607,123.22660267351174,0.0,40.3
Alto da Boa Vista,7459788.300050748,678296.9289907682,8079,3330,106.03067523545197,0.0,40.2
Jardim Carioca,7476869.1899178345,685448.8449240808,20374,8748,5493.477170074342,5.0,40.2
Grumari,7450553.5388159035,650528.0016988287,184,89,9.27228891901061,0.0,40.0
Anil,7460268.592290624,670324.5067866176,31895,14613,3836.6605899037113,4.0,38.8
Gamboa,7466735.870701473,685323.512710007,11416,5495,4923.758226339375,5.0,38.8
Leblon,7457166.093658861,681859.1440417668,37709,14070,7001.6242883920695,7.0,38.6
Maria da Graça,7468397.517809921,678130.6574623616,7209,3193,3649.1932853519493,4.0,38.4
Oswaldo Cruz,7469704.571641367,669192.5565676724,29819,12022,5692.917751654016,6.0,38.1
Jardim Botânico,7459335.490699191,682125.3222034815,15871,6188,2203.8670578139186,3.0,37.6
Moneró,7477874.180897358,684998.1195829875,5723,2261,4350.146129140968,5.0,37.5
Botafogo,7460644.129903253,685949.7650016875,76728,35191,7561.549853242533,8.0,37.4
Campo Grande,7467742.783861288,648472.4253155969,352356,155054,1488.3403038384977,3.0,35.9
Tijuca,7462806.560465402,680606.7121380437,142909,57877,5823.03728946445,7.0,35.9
Inhaúma,7469608.609698638,676252.2073491759,37233,15906,4638.834930493798,6.0,35.7
Jardim Guanabara,7476066.01756365,684526.1157647029,27084,10929,3473.3870276270263,5.0,35.5
Vaz Lobo,7471170.334803711,671504.9372560242,10995,4756,4522.278244317691,6.0,35.4
Madureira,7469663.710890941,670659.9795512818,39888,16744,4422.401508972916,6.0,35.2
Campinho,7468250.3539553145,669522.2092346613,8579,3509,4248.122054004397,6.0,34.8
Jardim Sulacap,7467133.816105896,664762.1972551501,14396,6343,813.2070850612378,3.0,34.4
Leme,7459486.418735346,688105.0812653255,12479,5278,5034.60667003539,7.0,34.1
Cascadura,7468237.323953127,671271.9989724751,26895,11541,3841.419112468875,6.0,33.8
São Conrado,7456336.838176761,677486.1643031436,9739,3827,592.9253118062998,3.0,33.8
Turiaçu,7470833.972806964,670060.9096332537,11613,4891,3728.939806765658,6.0,33.6
Engenheiro Leal,7469417.985399042,671811.1670736898,5200,2260,3378.8783323429166,6.0,32.8
Saúde,7466732.245554969,686216.9573433715,1876,770,2279.326377619802,5.0,32.7
Recreio dos Bandeirantes,7453997.033054366,655683.3692372285,140437,68832,2248.1041117181644,5.0,32.7
Urca,7460765.2171421405,688425.3119676291,5215,2243,917.3896271105582,7.0,24.6
Glória,7464256.102600459,687283.9012063752,7120,3333,3182.463453406343,10.0,22.3
Centro,7465698.945554531,686810.47672746,23774,10985,1979.095078798049,9.0,22.0
Lagoa,7458512.391799808,683571.2242970133,18676,6778,1303.1755341354337,10.0,18.0
Barra da Tijuca,7455741.861159266,666716.0676418061,151603,61461,1253.5899857251102,16.0,2.9
